"","Date","MinTemp","MaxTemp","Rainfall","Evaporation","Sunshine","WindGustSpeed","RainToday","RISK_MM","RainTomorrow","WindDir","Humidity","Pressure","Cloud","Temp","Wind.Direction..degTN.","Wind.Speed..m.s.","Wind.Sigma.Theta..deg.","Wind.Speed.Std.Dev..m.s.","Air.Temperature..degC.","Relative.Humidity....","Nitrogen.Oxide..ppm.","Nitrogen.Dioxide..ppm.","Nitrogen.Oxides..ppm.","Carbon.Monoxide..ppm.","PM10..ug.m.3.","PM2.5..ug.m.3."
"1",17533,23.4,30.8,0,5.8,1.3,35,1,4.8,2,7,70,1003.25,7.5,28.45,112,1.3,44.35,0.9,29.6,65.45,0.0075,0.0115,0.0185,0.1,34.9,33.15
"2",17534,21.7,31.2,4.8,4.6,9.9,28,2,0,1,9,66,1006.2,5,27.1,156,1.6,46.85,0.9,29.15,58.2,0.0085,0.011,0.0195,0.1,11.1,6.85
"3",17535,21,29.5,0,8.8,11.7,24,1,0,1,6,56,1013.75,3,27.2,131,1.8,44.15,1.05,29.35,49.7,0.0065,0.0095,0.016,0.1,17.85,8.15
"4",17536,22.2,29.5,0,9.6,9.7,24,1,0,1,2.5,58,1015.9,5.5,27.85,83.5,1.65,53.65,0.9,29.25,54.05,0.0045,0.005,0.0095,0.05,13.25,4.35
"5",17540,22.3,32.1,0,11,11.7,26,1,0,1,6.5,48.5,1015.45,1.5,29.75,177,2.25,37.95,1.05,31.6,43,0.0155,0.0095,0.0245,0.1,14.05,4.1
"6",17541,22,32.3,0,10,11.5,22,1,0,1,10,49.5,1015.3,3,30.05,25.5,1.9,94.2,1.05,32.2,44.45,0.011,0.01,0.021,0.1,15.85,6.5
"7",17544,24,35.6,0,9.6,11.2,31,1,0.2,1,5,57.5,1005.9,5,31.8,35.5,2.3,103.5,1.15,33.9,51,0.0045,0.007,0.011,0.1,21.4,9.3
"8",17545,24.2,37.5,0.2,10.2,11.9,46,1,0,1,15.5,33,1000.75,5.5,35.05,260,3.7,28.5,1.7,36.5,28.85,0.0085,0.011,0.019,0.1,18.9,5
"9",17548,18.3,29.4,0,10.8,12.8,28,1,0,1,7,38.5,1016.25,1.5,26.3,134,1.95,45.15,1,28.35,35,0.0115,0.01,0.0215,0.1,20.35,4.7
"10",17549,19.5,30,0,10.6,12.7,24,1,0,1,7,42.5,1017.4,1,27,139.5,1.9,46.65,1.05,29.5,38.4,0.011,0.0115,0.022,0.1,33.45,11.65
"11",17550,17.4,31.4,0,8.8,12.2,22,1,0,1,9,45,1014.1,1,27.8,162,2.25,30.9,1.05,29.7,40.4,0.013,0.014,0.0265,0.1,26.7,10.35
"12",17551,19.1,32.2,0,8.4,12.1,35,1,0,1,6,48,1012.25,2,28.35,123,2.45,34.5,1.3,30.15,43.2,0.006,0.006,0.0115,0.1,14.6,2.95
"13",17552,21.1,30.2,0,10.2,5.7,28,1,0,1,1.5,56.5,1012.4,7,27.85,90,2.05,35.4,1.05,29,52.4,0.003,0.0025,0.0055,0.05,9.15,1.55
"14",17553,20.8,31.7,0,6.8,13,28,1,0,1,1.5,53,1011.85,5,28.4,66.5,1.7,58.3,1,29.8,48.5,0.0095,0.0075,0.0165,0.1,12.05,3.75
"15",17555,22.4,31.6,0,7.8,10,30,1,8.6,2,6,61.5,1011.4,4.5,28.6,54,2.35,91.7,1.1,30.3,56.85,0.015,0.009,0.024,0.15,14.15,5.85
"16",17558,24.3,32.8,0,8.8,12.7,31,1,2.4,2,1,55.5,1011.15,4.5,30.25,97.5,2.45,33.15,1.25,31.35,51.95,0.005,0.001,0.006,0.1,7.15,1.95
"17",17559,23.6,30.2,2.4,9,10.6,33,2,7.8,2,2,63.5,1010.2,6,28.25,127.5,2.15,33.2,1.25,29.4,60.8,0.007,0.003,0.01,0.1,13.6,6.5
"18",17560,21.8,31.5,7.8,9,8.9,35,2,1.6,2,5.5,55,1007.9,6.5,28.7,130.5,2.75,30.95,1.35,30.15,51.35,0.0165,0.01,0.0265,0.1,16.5625,6.35
"19",17561,22.5,32.7,1.6,9,9.9,28,2,0,1,5.5,57,1003.6,5,29.05,142,2.9,28.25,1.3,30.5,53.5,0.023,0.0115,0.034,0.15,22.85,6.4
"20",17562,22.3,34.7,0,9,11.3,35,1,4.2,2,9,57,1002.05,1,30.2,148,2.45,39.4,1.25,32.05,53.4,0.0125,0.0115,0.0235,0.1,22.2,9
"21",17563,21.3,25.5,4.2,8.4,0.2,31,2,11.2,2,10,63.5,1010.45,8,23.45,162,3.1,21,1.3,24.3,60.45,0.0295,0.0195,0.0485,0.2,15.1,4.8
"22",17564,18.5,21.7,11.2,4,0,19,2,6.2,2,11,85.5,1013,8,20.2,190,1.8,29.05,0.9,20.7,83.15,0.030625,0.019,0.0635,0.25,7.15,4.55
"23",17565,18.8,22.8,6.2,2,0,17,2,7.2,2,14,85,1014.65,8,20,204.5,1.55,35.85,0.8,20.45,82.65,0.02078125,0.0115,0.04,0.25,8.55,4.2
"24",17566,17.8,28,7.2,1.6,11.2,37,2,1,1,6,61,1016.3,3.5,25.2,153,3,26.95,1.3,26.55,55.1,0.0095,0.005,0.0145,0.05,6.65,0.4
"25",17570,18.6,29,0,9.8,11.1,39,1,0,1,5.5,51.5,1017.4,4,26.8,133,3.05,27.35,1.4,28.45,46.3,0.0205,0.0105,0.031,0.1,21.65,3.05
"26",17571,18.3,31.2,0,9,12.6,26,1,0,1,8.5,52.5,1014.55,1,27.35,148,2.1,34,1,29.25,48.25,0.0175,0.012,0.029,0.15,18.7,7
"27",17572,19.4,32.8,0,8,11.7,22,1,1,1,7,51.5,1008.9,1,29.3,195,2.05,33.7,1,31.1,46.5,0.0075,0.0085,0.0155,0.2,14.7,5.7
"28",17573,22.7,34.5,1,6.2,11.4,56,1,6.6,2,5,57.5,1004.85,1.5,30.05,192.5,1.95,44.9,0.95,32.1,52.3,0.004,0.0085,0.012,0.15,17.35,7.45
"29",17574,20.9,33.5,6.6,9.2,12.2,22,2,0,1,3.5,54.5,1006.45,2,31,57.5,1.75,42.55,0.85,33.15,47.4,0.009,0.0175,0.026,0.2,21.7,9.5
"30",17575,26.3,33,0,7.2,6.5,46,1,13,2,3.5,70,1009.4,4,29.6,61.5,2.3,37.9,1.15,31.15,64.8,0.015,0.0125,0.027,0.2,23.7,8.9
"31",17576,21.8,33,13,8.4,11.6,24,2,0,1,6,64.5,1009.3,1,30.4,208,2.15,35.55,0.95,32.45,58.05,0.015,0.017,0.0315,0.25,23.8875,9.5
"32",17577,24.6,35.7,0,6.2,8.6,33,1,0,1,6.5,61.5,1009.65,2,31.7,120,1.75,47.9,1.1,33,58.05,0.008,0.0145,0.022,0.25,22.45,11.3
"33",17578,26.6,33,0,7.2,8,24,1,17,2,8,67,1008.75,5,29.7,205.5,1.7,92,1,31.2,63.75,0.015,0.012,0.027,0.2,25.75,6.15
"34",17579,22.5,31.5,17,7.6,11,31,2,0,1,5.5,64,1010.95,3.5,29,122.5,2.3,32.9,1.15,30.55,58.95,0.009,0.006,0.0145,0.15,15,6.9
"35",17584,20.7,26.7,0.2,8.2,0,37,1,62.8,2,6.5,68,1013.9,7.5,24.75,138,2.3,26.65,1.05,25.7,65.7,0.021,0.013,0.034,0.15,11.85,3.2
"36",17585,22.2,26.4,62.8,11.4,0.1,31,2,135.8,2,1.5,90.5,1013.05,8,24.5,80.5,1.95,29.65,1.05,25.1,85,0.01,0.0065,0.0165,0.15,7.55,2.65
"37",17586,22.1,29.1,135.8,11.4,0,24,2,19,2,8,78.5,1011.85,7.5,26.85,108,1.4,36.05,0.7,27.6,75.05,0.0125,0.006,0.0185,0.2,8.4,6.75
"38",17593,24,30.6,0.8,4,8,19,1,0.2,1,6.5,71.5,1010.9,4,28.25,41,1.5,104.3,0.8,30.6,62.65,0.0055,0.0085,0.013,0.05,20.7,6.3
"39",17594,24.3,34.7,0.2,5.4,9.7,24,1,2.4,2,6.5,55,1010.35,5.5,31.65,219.5,1.55,46.25,0.85,33.45,49.5,0.007,0.0135,0.0205,0.1,9.3,5.65
"40",17595,23.6,29.4,2.4,5.8,0.3,19,2,57.4,2,1.5,78.5,1011.55,7.5,26.3,130.5,1.4,37.85,0.75,27.55,72.85,0.017,0.0175,0.034,0.15,9.2,4.65
"41",17596,20.5,24,57.4,4.4,0,28,2,11,2,9,88,1014.6,8,21.85,199,1.65,32.3,0.9,22.45,84.05,0.03075,0.0215,0.0655,0.2,8.75,2.65
"42",17597,18.8,26.1,11,3.6,1.1,44,2,5.8,2,10,74,1017.45,7.5,23.85,150,4.25,21.65,1.75,24.9,69,0.0195,0.0115,0.031,0.05,13.25,2.65
"43",17598,19,26.6,5.8,1.8,2.7,41,2,1.6,2,10,61,1018.3,7.5,24.55,145.5,4,21.75,1.65,25.5,58.35,0.0205,0.012,0.032,0,14.1,3.3
"44",17599,19.1,27.4,1.6,4.4,6.6,41,2,0.6,1,11.5,55.5,1019.05,6.5,25.6,153,3.85,23.75,1.6,26.35,52.9,0.021,0.013,0.034,0.05,14.1,3.55
"45",17600,20.1,26.7,0.6,6.6,4.4,48,1,2.8,2,10,60,1020,7,25.4,135,2.95,27.85,1.55,25.55,62.55,0.007,0.0065,0.0135,0,10.6,3.4
"46",17601,18.8,25.7,2.8,4.6,3.2,33,2,2.2,2,10,74,1018.55,7.5,22.85,178.5,2.45,26.15,1.1,23.85,70.55,0.0155,0.0105,0.0255,0.05,3.8,0.15
"47",17602,18.3,28.6,2.2,4.2,9,28,2,0,1,8,59,1015.25,5,25,177.5,2.1,33.45,0.95,27.05,54.45,0.0185,0.0125,0.03,0.05,14.2,4.4
"48",17603,19.2,27.3,0,5.4,3.7,33,1,5.8,2,7,62.5,1015.85,7,25.75,140.5,2.65,27.5,1.2,27,60.75,0.0215,0.013,0.034,0.1,9.9,1.55
"49",17604,20.5,28.7,5.8,4.2,9.5,44,2,0.4,1,10,61.5,1015,2,26.6,144,3.65,22.15,1.7,27.4,56.1,0.0215,0.013,0.034,0.05,13.1,3.3
"50",17605,20.2,29.4,0.4,6.2,8.1,28,1,0,1,7.5,61,1012.35,4,26.35,165,2.4,30.8,1.1,27.8,55.8,0.025,0.0185,0.0435,0.15,15.95,5.65
"51",17606,18.5,30.6,0,6,11.3,28,1,0,1,7,59.5,1014.7,1,26.85,175,1.6,42.05,0.9,29.4,50.35,0.016,0.0155,0.0305,0.1,14.5,4.25
"52",17607,20.5,31,0,7,11.3,24,1,0,1,6.5,54.5,1016.65,1,27.9,149.5,1.75,41.85,0.85,29.85,49.8,0.008,0.009,0.017,0.05,14.05,3.95
"53",17608,21.1,31.2,0,6.2,8,20,1,0,1,10.5,67.5,1015.8,4.5,27.65,148.5,1.8,45.65,1.05,29.4,60.9,0.0065,0.0055,0.012,0.05,9.7,3.85
"54",17609,21.9,31.4,0,4.4,9.9,26,1,0.2,1,2.5,63.5,1015.8,3.5,28.65,170,1.5,41.45,0.85,30.45,58.15,0.018,0.01,0.028,0.1,8.35,1.6
"55",17610,20.7,29.8,0.2,7,10.1,30,1,13.6,2,2,57.5,1017.05,2.5,27.3,125,1.95,40.05,1,29.5,51.85,0.0145,0.0115,0.026,0.05,15.35,6.7
"56",17611,21.2,25.8,13.6,7.2,0.5,41,2,28,2,6.5,72.5,1016.95,7,25.2,137.5,2.8,27.9,1.4,26.15,67.85,0.0165,0.0105,0.0265,0.1,12.5,1.9
"57",17612,20.4,27.6,28,7.2,8.3,37,2,6,2,7,68.5,1016.25,4.5,25.55,144.5,3.35,23.8,1.5,26.7,62.45,0.0235,0.0115,0.0345,0.05,16.2,5.6
"58",17613,19.7,28.3,6,6,8.2,30,2,0.2,1,5,66.5,1017.2,6,26.1,124,2.15,33.6,1.05,27.3,59.9,0.018,0.011,0.028,0.1,13.35,1.9
"59",17614,20.5,27.7,0.2,4.6,6.3,26,1,0.2,1,1.5,62,1017.65,6,26.45,90.5,2,33.15,1.2,28.15,55.5,0.0045,0.0045,0.0085,0,17.7,6
"60",17615,19.5,28.1,0.2,4,5.6,22,1,1,1,7.5,71,1014,5,25.6,93.5,1.4,45.65,0.9,27,65.75,0.005,0.0045,0.0095,0,8.25,-0.85
"61",17616,21.9,29.2,1,3.4,5.5,17,1,0.2,1,11,75.5,1009.55,7,26.85,141,1.35,42,0.75,28.75,68.45,0.022,0.015,0.0365,0.15,13.85,5.2
"62",17617,23.7,28.3,0.2,3.8,1,28,1,1.2,2,6,74.5,1012.1,7,27,151.5,2.1,27.65,1,28.2,69.2,0.0315,0.0145,0.046,0.15,17.95,9.75
"63",17618,20.9,30.9,1.2,8.4,10.7,33,2,2,2,10.5,55.5,1013.6,2.5,28.15,153,2.95,24.75,1.3,29.25,55.8,0.02,0.0165,0.0365,0.1,11.85,4.75
"64",17619,21,28.7,2,6.8,6.7,37,2,1,1,5.5,77,1012.85,6,25.9,134.5,2.35,30.05,1.5,26.1,76.75,0.018,0.011,0.0285,0.1,10,2.9
"65",17620,21.1,29.1,1,3.6,8.7,26,1,0.4,1,6,73,1013.15,5,26.7,137.5,2.2,25.1,1,27.3,69.8,0.0065,0.005,0.0115,0,10.15,2.05
"66",17621,20.7,29.3,0.4,6,9.9,31,1,0,1,5.5,64,1015.35,4,26.9,140,2.85,26.3,1.3,28.15,59.5,0.0065,0.0045,0.011,0,11.45,2.75
"67",17622,20.1,28.9,0,6.6,9.3,26,1,0.4,1,6.5,68,1015.95,4.5,26.3,114,2.3,26.7,1.15,27.35,65.75,0.003,0.003,0.006,0,7.45,0.75
"68",17623,20.7,28.6,0.4,6,10.6,26,1,0,1,2,65,1015.4,2.5,27.15,75,2.25,29.4,1.1,28.4,60.3,0.002,0.0025,0.0045,0,10.2,1.25
"69",17624,19.8,28,0,6,8.9,33,1,4.2,2,6.5,66,1016.55,4,25.6,142.5,2.35,30.05,1.15,26.65,63,0.018,0.0085,0.0265,0.1,13,4.575
"70",17625,20.1,26.3,4.2,6.4,1,33,2,3.2,2,7,77,1015.75,7.5,23.4,155,2.45,24.6,1.1,24.3,72.95,0.0335,0.016,0.0495,0.1,8.5,1.1
"71",17626,18.2,28.1,3.2,4.4,9.4,37,2,1.8,2,6.5,64.5,1014.5,2.5,25,146,2.4,31.15,1.25,26.4,60.6,0.023,0.014,0.037,0.1,11.95,0.5
"72",17627,18.2,27.8,1.8,6.2,8.5,33,2,3.2,2,5.5,61,1015.6,6,25.6,138,2.5,29.05,1.2,26.75,59.25,0.017,0.011,0.0275,0.1,13.4,3.25
"73",17628,18.7,28.1,3.2,5,10.7,28,2,2.4,2,6.5,60.5,1018.45,3,26.15,127.5,2.2,30.85,1.1,27.15,54.95,0.0075,0.008,0.0155,0.05,13.65,3.7
"74",17629,18.6,27.8,2.4,5.8,10,26,2,0,1,8.5,65.5,1019.5,3.5,24.45,171.5,2,30.8,0.95,26.15,59.3,0.0075,0.0065,0.0135,0.05,5.9,0.85
"75",17630,17.6,29.3,0,5.4,9.7,15,1,0,1,7.5,61.5,1017.7,1,25.75,146,1.65,31.85,0.75,27.65,56.15,0.0175,0.0175,0.0345,0.1,16.05,3.7
"76",17631,17.6,30.1,0,0.4,10.3,39,1,0.2,1,9.5,66,1017.8,2,25.35,182.5,2.8,26.45,1.3,26.9,59.5,0.022,0.0185,0.0405,0.15,20,6.15
"77",17632,19.9,27.2,0.2,6.2,10.6,30,1,0,1,6.5,54.5,1021.35,4.5,25.05,123,2.2,34.05,1.2,26.4,51.7,0.0115,0.0115,0.023,0.05,16.45,4.6
"78",17633,17.6,26.1,0,7.2,3.5,28,1,0.6,1,9,62.5,1020.95,7,23.9,177,1.3,55.4,0.85,25.5,57.75,0.031,0.0195,0.0505,0.15,24.05,5.6
"79",17634,18.1,27.8,0.6,4.2,9.4,28,1,0,1,4,61,1017.85,2,25.85,172.5,1.6,53.4,0.9,26.95,57.5,0.0175,0.0155,0.032,0.15,19.05,3.05
"80",17637,15.1,32,0,4,10.9,19,1,0,1,13,42,1013.95,0,28.1,146,1.3,93.7,0.8,29.65,40.2,0.025,0.0235,0.0485,0.2,28.45,5.35
"81",17638,16.7,30.8,0,5.2,10.6,33,1,5.2,2,6.5,55.5,1016.8,0.5,26.15,176.5,1.9,31.4,0.9,27.65,50.15,0.0245,0.0245,0.0485,0.15,21.35,6.2
"82",17639,19.4,24.7,5.2,7.6,0.6,30,2,1.2,2,9.5,75,1020.6,7,22.5,184.5,2.05,30.85,0.95,23.6,70.5,0.027875,0.0215,0.0605,0.1625,14.65,4.45
"83",17640,18.4,27.2,1.2,5,7.1,22,2,0.2,1,8,60.5,1020.1,4.5,24.8,140.5,1.9,35.05,0.95,26.05,56.9,0.022,0.018,0.0395,0.15,15.25,3.35
"84",17641,18.9,27.7,0.2,5.8,3.8,26,1,10,2,10,76,1017.9,6.5,23.05,240.5,1.35,34.35,0.75,24.15,73.5,0.026375,0.019375,0.04525,0.2,14.25,5.2
"85",17642,17.5,26.7,10,2.8,7.8,30,2,0.2,1,7,69,1017.9,4,23.15,169.5,1.65,34.7,0.9,24.4,66.65,0.015,0.013,0.028,0.15,9.2,3.65
"86",17643,17.2,25.8,0.2,3.8,9.8,30,1,0,1,11,60.5,1017.35,3,24.05,168.5,2.7,27.3,1.15,25.15,57.45,0.01,0.011,0.0205,0.1,6.4,1.6
"87",17644,16.9,28,0,5.8,8.9,22,1,1.4,2,9.5,66.5,1015.75,3,22.55,186,2.05,31.8,1.05,23.4,66,0.022,0.0185,0.0405,0.1,9.2,3.5
"88",17645,16.4,27.2,1.4,3.2,9.1,24,2,1.2,2,13.5,50.5,1014.15,3.5,23.8,205,2.1,32.55,1.05,25.2,49,0.017375,0.0215,0.03275,0.15,8.95,4.4
"89",17646,17.5,27.7,1.2,4,9.3,17,2,0,1,12.5,57.5,1012,4,25,194.5,1.6,29.5,0.8,26.5,53,0.0085,0.009,0.017,0.1,5.25,1.8
"90",17647,18.1,29.1,0,5,10.5,22,1,0,1,9,62.5,1012.15,1,24.85,167.5,1.5,39.65,0.85,26.6,58.7,0.017,0.0215,0.0385,0.15,13.45,6.65
"91",17648,18.3,27.5,0,4.6,8.8,28,1,0,1,9.5,53.5,1016.4,2,24.6,177,2.75,25.45,1.15,25.75,50.35,0.0255,0.022,0.0475,0.15,14.55,6.4
"92",17649,16.6,25.5,0,5.6,7.8,28,1,0.4,1,11.5,56,1018.4,4,22.4,179,2.5,28.25,1.15,22.45,60.95,0.013,0.0125,0.0255,0.1,7.6,1.9
"93",17650,15.8,26.1,0.4,2.6,10.1,24,1,0,1,12,54,1020.3,2.5,22.1,185.5,2.35,29.7,1.1,23.65,52.6,0.0105,0.0105,0.021,0.1,6.9,1.15
"94",17651,14.9,25.5,0,4,8,33,1,0,1,11.5,57,1020.95,3,21.1,184,2.8,28.5,1.45,22.35,52.6,0.026,0.019,0.044,0.15,11.55,4.7
"95",17652,15.1,25.3,0,6,8.6,33,1,0,1,7.5,54.5,1023,3,22.5,183,2.25,28.35,1.15,23.55,52.5,0.0295,0.0195,0.0485,0.15,15.9,5.25
"96",17653,17.2,26,0,4.8,8,22,1,0,1,8.5,59,1021.55,4.5,22.75,177.5,2.05,31.55,0.95,24.6,54.4,0.0205,0.0145,0.0345,0.15,18.1,8.2
"97",17654,16,26.7,0,4.2,8.8,17,1,0,1,10.5,61.5,1019.95,5.5,22.95,151,1.85,28.8,0.8,24.7,58,0.0315,0.0205,0.0515,0.25,20.95,9.8
"98",17655,16.5,27.6,0,3.6,9.9,19,1,0,1,10.5,64.5,1019.05,3,24.2,160,1.35,68.4,0.8,25.85,59.85,0.0175,0.018,0.0355,0.2,18.55,6.6
"99",17656,18.3,27.2,0,3.8,9.3,31,1,0,1,8,61,1023.1,1,24.35,150,2.7,32.95,1.45,25.9,55.5,0.0095,0.0125,0.022,0.15,22.6,7.95
"100",17657,15.7,25.8,0,6.4,9.7,37,1,0,1,7.5,57,1026.35,2.5,22.45,176,2.85,28.6,1.4,24,51.9,0.0085,0.008,0.0165,0.1,15,4.5
"101",17658,16.7,24.2,0,5.8,1.5,30,1,8.2,2,8,68,1023.05,7.5,21.6,176.5,1.75,31.7,0.9,22.85,64.35,0.0125,0.0115,0.024,0.1,13.2,2.45
"102",17659,18.5,22.5,8.2,5.6,0.1,24,2,9.2,2,13,91,1020.35,7,20.25,204.5,1.35,31.95,0.75,21.3,85.4,0.02025,0.0245,0.036,0.3,11.8,6.55
"103",17660,17.9,27.2,9.2,0.6,9.2,22,2,0,1,15,59.5,1017.7,1,23.9,249,1.95,30.7,0.9,25.6,53.9,0.0285,0.0205,0.0485,0.25,9.55,5.25
"104",17661,14.3,27.9,0,3.8,10,24,1,0,1,13.5,52,1015.6,0.5,23.55,286.5,0.85,62.45,0.55,25.4,48,0.0315,0.0235,0.055,0.25,15.2,8
"105",17662,14.9,22.9,0,6,10.2,43,1,0,1,14,32,1014.15,0,20.7,265.5,3.4,28.1,1.6,21.55,28.3,0.022375,0.018,0.0455,0.2,17.6,0.6
"106",17663,12.3,22.3,0,10.2,10.1,44,1,0,1,15,35.5,1013.75,0.5,19.3,264.5,3.35,27.6,1.5,20.45,32.8,0.0155,0.0115,0.026,0.2,18.5,1.7
"107",17664,10.7,24.4,0,5.6,10,24,1,0,1,12.5,41.5,1016.7,1,21.15,243.5,1.95,33.95,0.85,22.35,38.75,0.014,0.012,0.026,0.25,9.2,4.15
"108",17665,11.2,25,0,4,9.6,20,1,0,1,12,50,1019.25,2,21,220,1.7,35.2,0.85,21.95,47.55,0.02175,0.022,0.037625,0.25,10.5,4.2
"109",17666,13.4,25.1,0,4.4,9.9,19,1,0,1,13,43.5,1019.7,0.5,21.6,149,2.05,34.15,1,22.55,45.15,0.0205,0.018,0.0385,0.2,12.8,2.55
"110",17667,11.5,24.4,0,4,9.9,20,1,0,1,7,51,1022.1,3.5,20.4,174.5,2.05,32.6,0.95,21.95,46.85,0.0205,0.0165,0.037,0.25,17.25,6.3
"111",17668,12.8,23.6,0,4.8,6.8,28,1,0,1,7.5,63,1022.7,4,20,186,2.3,29.3,1.15,21.4,57.8,0.029,0.0205,0.049,0.25,13.9,4.25
"112",17669,13.3,25.4,0,4,9.8,17,1,0,1,9,61.5,1021,1,21.15,142.5,1.75,29.8,0.75,22.15,56.95,0.0275,0.0225,0.05,0.3,16.05,6.95
"113",17670,11.5,25.3,0,3.2,9.7,17,1,0,1,7.5,48,1020.75,1,20.65,149.5,1.85,28.85,0.8,21.95,48.05,0.01,0.0125,0.022,0.2,13.65,6.85
"114",17671,11.6,25.3,0,2.6,9.9,20,1,0,1,13.5,48,1019.6,1,20.9,261,1.4,34.7,0.8,22.7,45.4,0.0155,0.0175,0.0325,0.3,13.1,6.05
"115",17674,11.3,25,0,5,9.3,24,1,0,1,8,47,1022.1,2,20.75,185,2.15,26.6,1.1,22.35,44.75,0.025,0.0195,0.0445,0.25,15.3,4.35
"116",17675,13.1,24.2,0,4,7.7,17,1,0,1,7,59.5,1022.25,4,20.8,158.5,1.75,32.1,0.85,22.2,56.05,0.0195,0.016,0.0355,0.25,18.5,5.6
"117",17676,14.2,24.6,0,3.6,5,26,1,0,1,8,63.5,1023.45,7,20.15,175.5,1.95,27.55,0.9,21.45,60,0.031,0.021,0.0515,0.225,14.9,5.1
"118",17677,15.1,23.8,0,4.2,5.6,31,1,3.4,2,11,74.5,1026.6,4,18.2,173.5,2.05,39.1,1.2,19.3,68.8,0.0175,0.016,0.033,0.2,9.4,2.4
"119",17678,14.3,23.1,3.4,2.6,5.6,24,2,1.6,2,7,67,1025.3,4,20.15,140,1.7,34.3,0.95,21.5,59.85,0.0075,0.009,0.0165,0.2,9.15,4.7
"120",17679,14.8,22.7,1.6,2.2,3.6,22,2,4.2,2,8.5,78,1023.4,7,18.9,169.5,1.9,28.15,0.95,20,72.5,0.0205,0.015,0.0355,0.25,10.45,4.15
"121",17680,16.2,23.5,4.2,1.4,5.8,24,2,0.2,1,7.5,80,1020.7,7,19.4,146.5,1.45,27.3,0.65,20.7,74.1,0.026625,0.0215,0.042875,0.25,12.6,6
"122",17681,13.4,26.1,0.2,2.4,9.4,26,1,0,1,15,69,1017.85,1,20.55,261.5,1.3,37.55,0.75,21.55,64.8,0.035,0.021,0.0555,0.25,8.5,3.9
"123",17682,8.3,22,0,4.8,9.9,30,1,0,1,15,35.5,1019.05,0,18.3,262,2.3,29.7,1.1,19.45,30.75,0.0315,0.0205,0.0515,0.3,7.95,2
"124",17683,10.2,22.6,0,5.4,9.8,19,1,0,1,12.5,35,1018.4,0,19.05,211.5,2.35,29.75,1,18.95,36.8,0.0285,0.0215,0.0495,0.2,10.85,4.05
"125",17684,8.4,23.5,0,3.6,9.9,24,1,0,1,13,43.5,1015.45,0,19.05,245.5,1.4,34.5,0.7,18.55,43.65,0.0235,0.0165,0.0395,0.1,12.7,7.15
"126",17685,12,25.4,0,4.8,8.9,20,1,0,1,12.5,46.5,1013.85,4,21.6,235.5,2.2,26.65,0.95,20.7,48.35,0.015,0.013,0.0275,0.05,14.3,6.75
"127",17686,11.7,24,0,3.2,9.6,19,1,0,1,7.5,56,1015.7,1.5,20.2,168.5,1.95,29.15,0.95,19.05,59.5,0.015,0.013,0.028,0.1,11.8,5.7
"128",17687,11.5,22.6,0,4,9.7,20,1,0,1,7,57,1020.8,1,19.35,166.5,1.85,31.45,0.9,18.35,60.15,0.0235,0.016,0.039,0.15,12.35,5.4
"129",17688,11.8,23.1,0,4.4,8.5,30,1,8.6,2,7.5,61,1023.35,3,18.65,181,2.05,31.4,1.1,17.85,63.15,0.0305,0.022,0.0525,0.15,14.1,6.3
"130",17689,13.9,20.6,8.6,3.6,1.9,30,2,9.4,2,6.5,84.5,1026.25,6.5,17.25,137,1.8,35.2,0.95,16.3,81,0.0225,0.0215,0.0435,0.1,13.6,6
"131",17690,13.8,22.4,9.4,0.4,6.1,22,2,0.2,1,9,69.5,1024.4,6,19.35,186.5,1.65,36.75,0.95,18,75.05,0.037,0.0215,0.058,0.2,17.2,7.7
"132",17691,15.6,23.7,0.2,1.8,3.8,15,1,0.8,1,7,68.5,1021.65,7,20.45,115,1.2,33.65,0.6,19.1,70.25,0.012,0.0105,0.0225,0.15,10.95,6.5
"133",17692,15.6,23.6,0.8,2.6,6.4,20,1,0,1,10,61.5,1019.45,4,20.45,201,1.9,31.2,0.95,19.45,63.35,0.016,0.0145,0.0295,0.15,7.6,4.6
"134",17693,12.4,23.3,0,3,9.7,17,1,0,1,7,52,1018.9,1.5,19.75,241.5,1.2,53,0.75,18.75,54.3,0.025,0.019,0.044,0.15,14.9,6.25
"135",17694,9.3,22.9,0,2.8,8.6,15,1,0,1,8.5,61.5,1016.3,5.5,17.85,143.5,1.6,30.05,0.75,16.7,65.85,0.026625,0.0275,0.07,0.3,29.3,12.9
"136",17695,10.5,25.2,0,2.4,7.5,15,1,0.8,1,9,65,1013.4,2.5,19.7,64.5,0.6,74.55,0.55,19.5,62.7,0.03525,0.02675,0.06125,0.275,30.6,11.4375
"137",17696,14,23.8,0.8,5,5.3,20,1,0,1,15,55.5,1016.85,6.5,22.05,282,1.55,31.1,0.75,21.2,57,0.028,0.025,0.053,0.25,20.05,10.5
"138",17697,11.7,23.7,0,2.8,9.6,28,1,0,1,12,46.5,1020.05,0.5,19.7,258.5,1.6,34.05,0.9,19.4,44.85,0.036,0.0235,0.059,0.25,18.95,8.25
"139",17698,6.9,23.2,0,4.4,9.7,22,1,0,1,10.5,36.5,1019.4,3.5,18.9,263,2,33.95,0.95,17.8,40.45,0.023,0.019,0.042,0.25,18.25,6.95
"140",17699,8.7,20.5,0,4,9.3,44,1,0,1,14,29,1017.75,1,18.1,269,3.35,30.15,1.6,16.7,31.5,0.0095,0.0085,0.0175,0.15,11.95,2.7
"141",17700,9.8,18.5,0,7.2,9.8,41,1,0,1,15,38.5,1017.3,1,15.65,247,3.65,25.05,1.65,14.35,41.7,0.0225,0.0145,0.037,0.2,11.75,3.95
"142",17701,8.5,20.2,0,5.2,9.9,37,1,0,1,16,37.5,1017.25,0.5,17.05,251.5,3.25,22.55,1.35,15.9,39.45,0.028,0.017,0.0445,0.25,10.4,4.3
"143",17702,8.7,22.4,0,6.2,6.7,24,1,0,1,12.5,47,1021.65,4,18.35,208,2.35,30.85,1.05,17.25,49.7,0.022,0.022,0.037625,0.3,14.1,5.15
"144",17703,10.4,22.2,0,4,8.3,19,1,0,1,7,52,1024.35,4,18.4,182,2.1,28.15,0.95,17.45,55.05,0.0205,0.0175,0.038,0.25,14.9,6.8
"145",17704,10.7,22.7,0,3.6,9.5,24,1,0,1,7,56.5,1025.6,1,18.6,166,2.1,32,1.05,17.5,58.7,0.0225,0.0165,0.0385,0.25,15.15,5.45
"146",17705,9.1,23.1,0,3.4,9.2,19,1,0,1,7.5,55,1024.35,1,17.9,138,1.55,39,0.85,17,59.25,0.016,0.0145,0.0305,0.25,15.7,7.8
"147",17706,8.6,23.4,0,3.8,9.3,17,1,0,1,7.5,47,1023.55,1,18.25,207.5,1.2,75.55,0.95,17.35,49.95,0.012,0.012,0.024,0.3,16.5,11.65
"148",17707,10.3,21.6,0,3.2,6.4,28,1,0.8,1,9.5,60.5,1027,6.5,16.85,175,1.9,30.85,0.9,15.95,64.15,0.02,0.0165,0.036,0.2,21.1,11.15
"149",17708,13.4,22,0.8,2.6,3.8,26,1,1,1,11,59.5,1029,7.5,18.1,163,1.55,36,0.85,17.65,60.45,0.0285,0.023,0.051,0.25,23.35,11.15
"150",17709,14.1,16.9,1,3,0,13,1,7.4,2,14,84,1027.2,7.5,15.8,229,1.3,30.4,0.65,14.75,85.3,0.0275,0.0275,0.04625,0.25,20.8,11.75
"151",17710,13.8,22,7.4,0.8,1.3,15,2,0,1,14.5,77,1023.2,5,18.35,291,0.95,72,0.65,17.4,77.8,0.0355,0.023,0.0585,0.2,13.6,7.35
"152",17711,12.4,23.7,0,1.2,7.6,15,1,0.2,1,11,78.5,1022,5,18.45,129.5,1.55,30.8,0.7,16.95,79.75,0.03034375,0.01825,0.04740625,0.25,18.3,7.6875
"153",17712,12.9,24.6,0.2,2,4.1,17,1,0,1,8.5,67,1024.2,7.5,19.55,143.5,1.75,28.1,0.8,18.4,70.75,0.0145,0.012,0.026,0.15,13.3,9.3
"154",17714,14.8,24.4,6.4,1.8,7.3,17,2,0,1,11.5,64,1023.7,3.5,20.9,206,1.7,35.8,0.9,19.55,65.9,0.0275,0.0195,0.047,0.15,10.15,5.7
"155",17715,13.3,23.3,0,3,9.9,30,1,0,1,14,54.5,1022.65,2.5,19.8,226,2.55,27.45,1.1,18.9,57.55,0.024,0.02,0.0435,0.1,11.3,5.75
"156",17716,14.8,24,0,4,9.2,24,1,3.2,2,8.5,66.5,1023.1,2.5,20.2,181,2,32,1,19.65,68.1,0.023,0.018,0.0405,0.15,12.575,6.625
"157",17717,15.4,22.9,3.2,3.4,3.7,24,2,8.6,2,9,91,1022.6,4.5,18.8,146.5,0.9,86,0.6,17.85,90.05,0.0235,0.0255,0.046125,0.3,19.45,12.05
"158",17718,17.6,23.9,8.6,2,7.1,26,2,2.6,2,5,76,1017.65,5,22.05,34,1.8,34.25,0.9,21.2,77.2,0.0125,0.017,0.029,0.1,22.5,8.8
"159",17719,18.2,24.9,2.6,1.6,2.6,30,2,0.2,1,10.5,71.5,1012.9,6.5,22.35,147,1.8,32.85,0.85,21.65,70.8,0.018,0.015,0.0325,0.15,12.5,6.45
"160",17720,9.7,20.4,0.2,5.6,9.8,33,1,0,1,15,33.5,1018.85,0,16.9,253,2.85,23.25,1.2,15.95,36.65,0.0105,0.0105,0.021,0.1,10.25,4.65
"161",17721,9,20.6,0,6.4,9.2,26,1,0,1,14,40.5,1021.5,3.5,16.7,245.5,1.45,42.1,0.8,15.75,43.5,0.020125,0.022,0.03525,0.15,13.55,6.4
"162",17722,9,22.2,0,2.4,6.9,20,1,0,1,11.5,56.5,1023.25,5,16.85,178,1.85,32.3,0.95,16.4,57.1,0.024,0.0175,0.041,0.15,14.1,7.45
"163",17723,10.7,20.8,0,3.4,3.4,19,1,2.4,2,14,76,1022.5,6,16.2,271.5,1.85,27.15,0.75,15.25,77.75,0.02540625,0.02175,0.0450625,0.2,18.7,10.6
"164",17725,11,21.7,0,2.8,10.1,28,1,0,1,14.5,36,1016.75,0,18.55,248,2.1,27.35,0.95,17.8,36.3,0.025,0.023,0.0475,0.25,10.85,5.6
"165",17726,6.7,21,0,5,9.9,17,1,0,1,14,36.5,1018.1,0.5,16.55,222.5,1.3,45.15,0.75,15.85,38.2,0.0155,0.0145,0.0295,0.2,8.65,4.75
"166",17727,5.2,21.6,0,3,9.9,15,1,0,1,7.5,49,1017.8,1,15.3,150,2,26.55,0.8,14.2,51.75,0.009,0.01,0.019,0.15,12.1,8.05
"167",17728,7.3,23.6,0,2.8,9.2,17,1,0,1,10,45,1014.7,2,18.25,264,1.1,42.65,0.55,17.45,46.7,0.0195,0.02325,0.062,0.2625,16.3,8.9
"168",17729,7.1,24.3,0,4.8,10,17,1,0,1,9.5,29,1018.9,0,19.15,119.5,1.3,88.3,0.65,18.25,31.55,0.02415625,0.0295,0.0595,0.265625,25.15,10.95
"169",17730,6.2,25,0,3.2,9.9,17,1,0,1,13,39,1020.15,0,17.75,143.5,1.2,43.45,0.65,17.8,40.55,0.034,0.0240625,0.061,0.3,21.9,12
"170",17731,6.3,23.8,0,2.6,9.8,22,1,0,1,8.5,46.5,1020.2,0,16.95,145,1.75,29.35,0.75,16.3,51.35,0.0174140625,0.028,0.062,0.26640625,26.525,9.8375
"171",17733,9.8,20.2,0,4.8,10,30,1,0,1,9,35.5,1021.25,1,16.45,157.5,1.55,42.3,0.9,15.8,38.45,0.01,0.012,0.021,0.15,14.65,6.5
"172",17734,7.8,20.7,0,3.6,9.3,22,1,0,1,9,51,1022.25,4.5,16.35,172.5,2.1,30.5,0.9,15.85,52.25,0.0075,0.0085,0.016,0.15,13.05,7.1
"173",17735,8.2,22.2,0,3.2,9.6,17,1,0,1,9,53.5,1020.3,1.5,16.95,146.5,1.65,30.9,0.75,16.4,56.85,0.022,0.025,0.04425,0.2125,22.45,9.525
"174",17736,8.5,24.1,0,3.2,9.9,17,1,0,1,9.5,61,1018.35,0,17.85,151.5,1.55,30.5,0.7,16.8,63.2,0.0295,0.0225,0.051,0.25,28.85,13.7
"176",17738,13.5,26.3,0.8,1.2,9,19,1,0.2,1,9,48.5,1017.7,1,21.3,161.5,1.8,30.65,0.9,21.05,47.7,0.02278125,0.0275,0.0605,0.23203125,24.63125,10.4078125
"177",17739,11.4,25.6,0.2,3.8,9.7,22,1,0,1,9.5,64.5,1017.25,0.5,19.85,129.5,2.15,28.9,0.95,18.9,66.3,0.024,0.024,0.0475,0.2275390625,24.5,9.632421875
"178",17740,11.6,26.4,0,3.2,9.7,19,1,0,1,8.5,59,1016.35,0.5,21.65,199,1.25,98.15,0.65,21.15,61.1,0.012,0.0155,0.027,0.2,16.65,9.3
"179",17741,12.4,26.4,0,3,8.7,37,1,1.4,2,7.5,65.5,1015.15,1.5,21.15,210,1.5,92.85,0.75,20.4,66.95,0.0075,0.012,0.019,0.2,19.85,7.8662109375
"180",17742,11.8,23.7,1.4,3,10.3,31,2,0,1,15,36,1016.5,0,21,260.5,2.15,31.45,1,20.4,37.65,0.029,0.0225,0.0515,0.25,14.85,7.7
"181",17743,8.4,23.3,0,6.4,10.1,17,1,0,1,9.5,37.5,1019.75,0,18.45,133.5,2,26.45,0.9,22.45,39.45,0.01675,0.022,0.0385,0.2,21.95,7.63310546875
"182",17744,7,24.7,0,4,10.2,19,1,0,1,9,42,1019.65,3,17.75,153.5,2.15,26.65,0.95,23.65,41.1,0.0265,0.027,0.0535,0.2,23.7,11.55
"183",17745,9.1,23,0,3,10,24,1,0,1,7,52,1022,0.5,18.05,171.5,1.8,33.75,0.9,23.9,52.3,0.021375,0.0215,0.04225,0.1625,25.6,9.966552734375
"184",17746,11.1,23.9,0,4.8,10,20,1,0,1,9.5,55.5,1020.4,1,19.45,135,2,27.8,0.85,25.05,56.85,0.0185,0.0195,0.038,0.15,25.4,10.0457763671875
"185",17747,11.7,27.1,0,2.8,9.8,19,1,0,1,12,48,1016.55,1,23.7,130.5,1.35,101.05,0.75,29.15,48.4,0.0135,0.0185,0.032,0.2,20.7375,10.65
"186",17748,10.3,25.3,0,5.4,10,19,1,0,1,9,44,1017.3,0,20.35,149,2,25.7,0.85,25.4,49.85,0.009,0.0125,0.0215,0.15,23.121875,12.75
"187",17749,11.5,27.6,0,3.6,9.1,31,1,2.8,2,9,68.5,1012.25,1,21.2,146.5,2.1,26.2,0.9,26.3,70.55,0.0305,0.0205,0.051,0.2,25,9.2875
"188",17750,15.9,22.9,2.8,3.6,4.1,43,2,0.2,1,15,33.5,1013.8,7,18.55,253.5,3.05,23.55,1.3,24.2,34.45,0.017875,0.0225,0.052,0.15,21.35,7.05
"189",17751,7,22.6,0.2,7,10.3,19,1,0,1,10.5,32.5,1017.95,0,18.4,144,1,71.15,0.9,24.35,34.4,0.032,0.0225,0.0545,0.2,18.3875,9.05
"190",17752,7.3,23,0,4.8,10.2,22,1,0,1,11.5,36,1021.25,0.5,18.6,183.5,1.8,38.65,0.95,24.45,38.8,0.0315,0.0245,0.056,0.2,24.05,12.3
"191",17753,9.5,23.4,0,4.8,10.3,20,1,0,1,7,45,1022.45,1,19.1,164,1.9,29.5,0.85,24.85,47.5,0.025,0.0235,0.048,0.2,23,11.25
"192",17754,11,24.9,0,4,8.2,26,1,0,1,9,59,1018.35,4,19.25,137,1.95,28.35,0.85,25.2,57.8,0.015,0.0175,0.032,0.15,23.3,12.45
"193",17755,11.6,24.4,0,4.4,10.5,46,1,0,1,11,37,1015.35,0.5,21.65,283,2.15,58.05,1.35,27.05,38.9,0.0095,0.0125,0.0215,0.1,19.5,8.35
"194",17756,7.9,22.5,0,9.8,10.5,19,1,0,1,12.5,20,1021.35,0,18.2,232.5,1.95,33.05,0.95,24.15,21.35,0.03,0.0225,0.0525,0.2,13.15,6.9
"195",17757,6.8,22.7,0,4.6,10.5,24,1,0,1,7.5,42,1023.2,0,17.8,138.5,1.95,29.55,0.85,23.85,43.2,0.023,0.0245,0.0475,0.15,26.95,10.8
"196",17758,7.6,25.2,0,3.8,10.3,20,1,0,1,11,47.5,1018.8,0,19.2,141,1.6,35.95,0.85,24.8,51.8,0.0095,0.0145,0.024,0.05,30.8,11.9
"197",17760,8.6,29.3,0,4.8,10.7,24,1,0,1,16,26.5,1012.9,1,22.85,241,2.05,33,0.9,28.95,28,0.034,0.0235,0.0575,0.15,23.95,9.8
"198",17761,9.4,28.1,0,4.6,10.6,31,1,0,1,14,30.5,1014.7,0.5,22.7,249,2.25,31.5,1.1,28.9,30.85,0.018,0.0175,0.0355,0.1,22.3,9.4
"199",17762,8.5,22.8,0,5.6,11.1,52,1,0,1,16,21.5,1013.95,0,21.1,248.5,3.8,29.75,1.7,26.25,23.25,0.0105,0.0105,0.0205,0,23,4.7
"200",17763,10.4,21.9,0,13.4,10.8,33,1,0,1,14.5,19,1017.45,0,17.55,240,2.9,37.55,1.25,22.9,22.3,0.0235,0.0185,0.0415,0.15,19.75,6.3
"201",17764,6.8,23.8,0,5.2,10.9,22,1,0,1,14,18,1016.25,0.5,19.25,256.5,2.25,28.9,1,25.1,20.15,0.0295,0.024,0.0535,0.2,21.35,7.8
"202",17765,5.2,24.4,0,6.6,10.9,33,1,0,1,13.5,17.5,1014.85,0,20.65,258,2.5,37.1,1.35,26.3,19.25,0.0235,0.021,0.044,0.15,17.1,5.75
"203",17766,8.7,23.1,0,5.8,10.7,24,1,0,1,7.5,44.5,1018.55,1,18.8,161.5,1.85,33.65,0.95,24.55,46.15,0.0215,0.0215,0.043,0.15,32.25,14.45
"204",17767,10.8,24.5,0,4.4,10.5,26,1,0.8,1,7.5,54,1021.2,1,20.05,37.5,1.35,71.65,0.9,26,56.25,0.017,0.0215,0.0385,0.15,23.25,11.8875
"205",17768,12.4,22.5,0.8,4.4,5.1,28,1,11.2,2,7.5,60,1020.9,6,19.25,157.5,2.05,31.85,1,24.6,61.75,0.0125,0.0135,0.025,0.1,17,12.05
"206",17769,14,20.2,11.2,2.4,1.5,15,2,10.6,2,11,80.5,1015.35,7.5,17.35,258.5,0.95,55.35,0.6,22.3,82.65,0.0185,0.018,0.036,0.15,11.3,8.65
"207",17770,9.6,24.4,10.6,2,10.5,28,2,0.2,1,11.5,46.5,1016.4,1.5,20.5,191,2.3,36.7,1.25,25.7,48.85,0.0195,0.0195,0.0385,0.1,7.95,5.3
"208",17771,11.1,22.8,0.2,5,10.7,19,1,0,1,7.5,57.5,1018.45,1.5,19.25,121.5,1.8,37.3,0.9,24.8,56.7,0.019,0.021,0.04,0.1,23.75,12.35
"209",17772,9.6,24.8,0,4.4,11.1,30,1,0,1,12.5,36,1017.1,0,20.6,240.5,1.7,39.5,0.85,26.65,34.3,0.0295,0.023,0.0525,0.2,16.95,9.9
"210",17773,8.7,23.7,0,6.8,10.9,20,1,0,1,7.5,40,1018.75,1,19.15,149,2.15,28.2,0.95,25,42.4,0.017,0.019,0.036,0.15,19.05,9.1
"211",17775,17.8,27.1,0,7.8,8.7,41,1,0,1,15,31,1011.4,2.5,23.3,267,2.85,29.45,1.4,28.95,33.15,0.0125,0.0135,0.0255,0.1,23.3625,8.740625
"212",17776,12.2,26.3,0,7.6,10.7,26,1,0,1,7.5,35,1014.8,0.5,22.35,148,2.25,33.25,1.1,27.7,37.9,0.005,0.008,0.0125,0.05,28.5,7.35
"213",17777,12.3,20.6,0,7.4,3,35,1,0.4,1,10.5,68,1020.95,7,18.25,172.5,2.1,37.25,1.2,23.15,70.35,0.0255,0.024,0.0485,0.15,14.8,7.95
"214",17778,12.3,21.7,0.4,4,2,35,1,9.4,2,7.5,62.5,1021.75,7,18.5,157,2.55,36.2,1.45,23.15,68.05,0.0245,0.0205,0.045,0.1,12.3,6.45
"215",17780,12.8,23.2,0,3.6,4.9,19,1,0.4,1,7.5,66.5,1020.15,6.5,18.8,143.5,1.7,32.2,0.85,24.55,69.05,0.036,0.0285,0.0645,0,19.15,7.8
"216",17781,13.4,24.7,0.4,2.8,10,31,1,1.2,2,5.5,64,1018.3,2,21.85,36,2.2,35.25,1.1,27.15,66.45,0.015,0.017,0.0315,0.1,23.3,8.45
"217",17782,17.5,25,1.2,5.2,4.8,22,2,2,2,10.5,78.5,1015.7,7,20.65,127.5,1.5,43.2,0.7,26.1,78.15,0.0205,0.0155,0.035,0,16.8,7.15
"218",17783,14,26.8,2,2.8,10.9,24,2,0,1,8,43,1018.25,0.5,22.6,154.5,1.9,46.6,1.3,27.85,49.95,0.0145,0.0125,0.0265,0.05,9.15,4.5
"219",17784,12.6,25.1,0,4.6,10.8,30,1,0,1,8.5,49.5,1022.35,0.5,21.35,169.5,2.05,37.1,1.1,27.3,50.05,0.021,0.0195,0.0405,0.2,17.3,8.1
"220",17785,12.1,25,0,6.6,9.9,24,1,0,1,6.5,52.5,1022.15,1,21.45,162.5,2.1,35.4,1.1,26.8,53.85,0.0215,0.018,0.039,0.1,24.3,10.9
"221",17786,13.2,24.9,0,4.6,10.2,24,1,0,1,5.5,54.5,1020,2.5,21.05,161.5,1.65,49.7,0.9,27.3,53.85,0.0195,0.0175,0.037,0.1,24.9,11.2
"222",17787,13.5,26.2,0,6,10.7,20,1,0,1,9.5,53,1019.3,0.5,22.2,156.5,1.5,53.8,0.85,28.2,52.5,0.0155,0.019,0.034,0.1,25.1,10.5
"223",17788,14.1,26.4,0,4.8,9.9,24,1,0,1,7,59,1019.7,2,22.6,204,2.05,38.1,1.05,28.45,59.15,0.012,0.017,0.0285,0.1,23.4,11.75
"224",17789,14.4,26.9,0,5.4,10.8,30,1,0,1,10.5,58,1015.45,1,22.9,143,2.15,38.25,0.95,28.4,60.05,0.0105,0.0115,0.022,0,16.925,5.95
"225",17790,15.1,28.3,0,4,9.9,37,1,0,1,7.5,51.5,1011.9,1,23.15,179.5,3.25,27.45,1.5,28.4,46.6,0.0065,0.007,0.0135,0.15,27.16875,11.05
"226",17791,12.9,23.3,0,8.8,10.1,30,1,0,1,7,42.5,1021.15,5,20.65,129.5,2.75,28.65,1.35,25.95,45.1,0.0155,0.0155,0.031,0.15,24.4,7.35
"227",17792,12.2,24.3,0,6.8,8.9,24,1,0,1,10.5,50.5,1021.3,4,20.8,177,1.85,38.5,0.9,26.65,51.7,0.02,0.02,0.0395,0.25,23.7875,10.35
"228",17793,12.5,25.1,0,5.2,10.8,28,1,0,1,10.5,54.5,1016.1,1,21.85,33,2.15,92.6,1.05,28.15,55.25,0.0115,0.014,0.025,0.05,22.4,8.15
"229",17794,15.1,28.7,0,6.6,10.5,24,1,0,1,5.5,50,1013,2,24.4,153.5,1.95,38.3,1.1,30.15,50.7,0.016,0.0185,0.0345,0.05,26.0125,10.8
"230",17795,13.3,24.5,0,5.8,10.9,33,1,0,1,5,44,1024.4,1,21.55,135,3.25,28.6,1.35,26.65,45.6,0.0155,0.0155,0.031,0,18.7,5.3
"231",17796,12.2,25.1,0,7.8,10.2,26,1,0,1,7,49.5,1025.75,1,22.1,118.5,2.3,34.05,1.25,27.75,50.6,0.005,0.0075,0.012,0.1,17.45,7
"232",17797,13.1,26.1,0,6.4,10.9,22,1,0,1,9,52.5,1022.25,1,22.5,194.5,1.85,59.6,0.9,28.2,53.1,0.0035,0.007,0.0105,0.1,15.05,6.6
"233",17798,13.9,25.6,0,5.8,7.8,44,1,0,1,6.5,53.5,1022.4,5.5,22.25,138.5,2.55,34,1.3,27.2,54.9,0.0125,0.015,0.027,0.15,23.75,7.3
"234",17801,14.1,24.2,0,5.6,3.2,20,1,0,1,2.5,61,1019.2,4.5,21.75,78,1.3,48.65,0.75,27.45,60.8,0.01,0.0135,0.0235,0.05,20.5,8.4
"235",17802,15.9,26.8,0,3.2,8.7,26,1,0,1,5,60,1019.85,4,23.9,205.5,1.95,31.05,0.9,29.45,61.85,0.0155,0.018,0.033,0.2,22.95,10.5
"236",17803,16.5,28.9,0,5.4,8.4,28,1,2.2,2,6.5,60,1019.6,3,23.8,207.5,2.15,34.1,1.05,28.75,65.1,0.0055,0.009,0.0145,0.1,16.2,6.65
"237",17804,16.9,20.8,2.2,6.6,1.8,30,2,9.6,2,7,80,1024.9,7.5,17.9,171,2.65,25.55,1.2,23.1,79.65,0.0105,0.0125,0.023,0.15,15.6,6.65
"238",17805,12.9,24.3,9.6,2,11.5,33,2,0,1,5,46,1025.6,1,21.95,148,2.4,34.5,1.15,27.15,48.1,0.0065,0.0075,0.0135,0.2,9.8,3.25
"239",17806,13.1,24.7,0,7.4,11.4,31,1,0,1,7,47.5,1025.8,2,22,132.5,2.55,32.15,1.25,27.8,46.6,0.015,0.014,0.029,0.2,14.15,5.05
"240",17807,12.5,26,0,7,11.4,26,1,0,1,5.5,52,1020.7,1,22.5,103,1.35,65,0.9,28.6,51.45,0.015,0.016,0.031,0.25,23.35,8.2
"241",17808,12.8,26.1,0,6,11.4,26,1,0,1,6.5,52.5,1015.95,2,23.3,38,2.15,34.05,1,29.2,53.9,0.0115,0.014,0.025,0.15,24,7.55
"242",17809,17.8,25.3,0,6.8,4.8,17,1,16.8,2,5,46.5,1015.9,6.5,23.25,46,1.6,32.85,0.75,28.2,53.45,0.015,0.0225,0.0375,0.1625,17.25,6.15
"243",17810,16,22.4,16.8,4.6,2,17,2,10.8,2,6,81.5,1017.1,7.5,19.4,178,1,46.95,0.6,24.8,81.85,0.0115,0.0125,0.024,0.15,12.1,8.55
"244",17811,15.2,24.1,10.8,2.4,9.6,20,2,1,1,6.5,61,1018.45,5.5,22.85,128.5,1.8,33.35,0.85,27.9,63.4,0.004,0.007,0.011,0.1,8.3,3.65
"245",17812,14.9,27.5,1,5.2,10.5,30,1,10,2,1.5,55.5,1016.6,5,24.35,153,1.8,68.6,1,30.15,57.45,0.01,0.014,0.024,0.1,15.7,7.95
"246",17813,15.9,26.3,10,5.4,7.4,28,2,0.2,1,9.5,66,1015.05,6,23.1,184.5,1.55,40.5,0.85,29.15,65.75,0.0135,0.0165,0.0295,0.2,14.8,8.55
"247",17814,16.5,28.5,0.2,4.4,10.4,35,1,1.2,2,5.5,60,1011.85,1,25.75,196,1.9,35.7,0.9,31.6,60.8,0.0165,0.0195,0.036,0.15,17.45,12.5
"248",17815,18,25.5,1.2,6.6,3.8,31,2,8.4,2,6.5,70.5,1016.3,6.5,21.6,151,2.35,31.25,1.3,26.65,72.55,0.0195,0.021,0.04,0.15,10,6.45
"249",17817,15.4,19.7,16.2,4,0,26,2,16,2,10.5,86.5,1019,8,18.2,163,2.1,19.9,0.8,22.75,88.3,0.015,0.0175,0.032,0.1,6.75,3.4
"250",17818,16,20.8,16,0.6,0,37,2,44.8,2,11,88,1018.35,8,19.35,165.5,2.45,27.7,1.1,24.35,88.25,0.01,0.0125,0.0225,0.05,9.45,5.45
"251",17819,17.6,23.4,44.8,4,1.3,39,2,23.8,2,6,86.5,1016.65,8,20.05,159.5,2.8,26.45,1.25,24.85,88,0.026,0.02,0.046,0.1,12.5,7.2
"252",17820,19,25.9,23.8,4.6,8.6,31,2,1.2,2,1.5,74.5,1017,6.5,23.4,100,2.35,31.85,1.25,28.95,74.7,0.0075,0.0105,0.018,0.05,21.35,7.4
"253",17821,17.9,25.3,1.2,3.6,8.7,20,2,4.8,2,6,68,1016.55,6,23.9,100.5,2.05,30.4,1,29.7,69.2,0.0095,0.0115,0.021,0.1,13.35,5.6
"254",17822,18.1,25.2,4.8,3,3.9,24,2,0.4,1,3.5,75.5,1018.1,7,22.45,55,1.85,35.85,0.95,27.5,78.65,0.0165,0.0165,0.033,0.15,17.95,7.25
"255",17823,17.7,25.9,0.4,5.2,10.6,20,1,0,1,1,59,1018.55,6,24.7,70,1.3,48.5,0.7,30.7,57.55,0.0055,0.008,0.0135,0.1,14.25,5.35
"256",17824,17.7,27.6,0,7.2,10,20,1,0.8,1,3,58,1016.4,3,24.55,189.5,1.5,42.9,0.75,30.75,58.3,0.0065,0.0105,0.017,0.2,13.65,6.15
"257",17825,19.2,28.2,0.8,4.8,5.6,50,1,8.2,2,15,72,1013.75,7,23.6,236.5,2.4,36,1.45,27.3,74.3,0.008,0.013,0.021,0.2,12.05,7.55
"258",17826,15.1,28,8.2,7.2,12.1,24,2,0,1,7,62.5,1015.15,2,24.35,168.5,2.25,31.05,1,30.4,63,0.0125,0.0155,0.028,0.15,15.7,9.45
"259",17827,17.5,28.9,0,4.6,11.8,22,1,0,1,9,59.5,1015.45,1.5,25.5,154,1.95,44.6,0.9,31.7,59.55,0.0135,0.0155,0.029,0.15,17.6,8
"260",17828,18.3,32.5,0,6,11.9,20,1,0,1,7,59.5,1015.25,1,27.55,143,1.95,43.35,1.05,33.8,57.8,0.0105,0.0205,0.0305,0.2,20.5,11.2
"261",17829,18.9,27.9,0,6.2,9.4,28,1,0.6,1,6,63,1018.15,4,26,95.5,1.45,56.2,0.9,31.65,63.4,0.008,0.0145,0.022,0.1,35.15,12.1875
"262",17830,18,30.2,0.6,6.8,11.9,37,1,0,1,3.5,54,1011,1,29,197.5,1,82.5,1,35,55.5,0.011,0.0205,0.0315,0.2,30.4,14.046875
"263",17831,19.3,28.6,0,7.2,12.3,22,1,0,1,2,53.5,1012.45,2,26,102.5,2.1,42.65,1,32,49.6,0.0025,0.0065,0.009,0.1,20.85,9.9
"264",17833,18.5,29.425,0.8,6.2,0,24,1,3.6,2,10,79.5,1016.95,8,19.7,149,2.55,23.05,1.05,24.65,79.75,0.0215,0.0175,0.0385,0.15,17.25,9.25
"265",17836,15.8,27.8,0,6.6,12.7,28,1,0,1,2,55,1022.7,2,25.7,62,2.1,38.75,1.05,31.6,52.15,0.0095,0.011,0.0205,0.15,20.9,10.25
"266",17837,18.2,27.1,0,8.8,11.3,30,1,0,1,5.5,51.5,1023.75,2,25.2,45,2.25,37.25,1.15,31.7,49.7,0.009,0.01,0.019,0.15,23.45,5.3
"267",17838,17.7,30.8,0,8.8,12.1,28,1,0,1,5,50.5,1017.75,2.5,26.7,198.5,2.3,38.3,1.15,32.6,52.2,0.005,0.007,0.012,0.1,22.15,9.15
"268",17839,18.5,30.7,0,8,11.1,26,1,0,1,4,55,1011.2,2.5,28.4,54,2.15,38.55,1.05,34.85,54.8,0.0025,0.008,0.01,0.15,36.7,7.9625
"269",17840,21.2,31.3,0,7.4,12.1,30,1,0,1,3.5,62.5,1010.15,2,28.5,37,1.85,109.3,1,34.9,61.95,0.0085,0.0155,0.0235,0.15,27.45,8.628125
"270",17841,23.5,32,0,7.4,8.8,24,1,0,1,10.5,67.5,1011.1,7,28.9,199,2.1,37,0.85,35,65.7,0.0125,0.017,0.0295,0.15,27.275,9.87421875
"271",17842,22.4,31.4,0,8.6,11.9,33,1,0.6,1,6,59.5,1008.3,5,29.1,42.5,2.95,27.45,1.2,35.35,57.5,0.009,0.0115,0.0205,0.1,32.25,12.3421875
"272",17843,22.4,25.7,0.6,8.4,3.4,37,1,0,1,15,52.5,1012.3,7,23.85,245.5,2.9,30.95,1.5,28.35,52.5,0.0205,0.0175,0.038,0.25,10.6,3.65
"273",17844,16.3,25.1,0,5.2,10.4,31,1,0,1,3,41.5,1019.15,5.5,23.6,137,2.95,27.95,1.45,28.55,43.8,0.0195,0.0175,0.037,0.2,22.8,7.2
"274",17845,14.1,27.1,0,9.8,12.9,24,1,0,1,1.5,50.5,1016.7,2.5,24.35,78,1.8,44.9,1,30.1,50.25,0.0035,0.0055,0.0085,0.1,14.9,5.65
"275",17846,16.9,27.7,0,9,12.6,28,1,0,1,2,48,1018.25,2,25.95,120.5,2.1,37.3,1,31.8,47.3,0.0035,0.005,0.0085,0.1,11.65,5.35
"276",17847,16.8,27.8,0,8,13,33,1,0,1,5.5,45.5,1019.4,2.5,24.9,133.5,2.9,34.95,1.5,31.1,42.85,0.0135,0.0125,0.0255,0.1,16.9,7.65
"277",17848,16.8,27.1,0,10.2,12.2,33,1,0,1,5.5,52,1018.2,4.5,24.75,114,2.35,33.4,1.25,30.7,53.3,0.0115,0.01,0.0215,0.1,17.8,5.7
"278",17849,17.2,28.3,0,9.4,10.2,22,1,0,1,3.5,54.5,1017.35,4.5,25.75,64,1.8,45.7,1,31.5,57,0.009,0.0105,0.019,0.1,21.45,8.6
"279",17850,20.9,29.6,0,7.4,10.6,26,1,0,1,5,57.5,1016.9,3,27.05,59.5,2.05,36,0.95,32.55,56.75,0.0105,0.012,0.0225,0.1,15.7,5.25
"280",17851,18.9,29.6,0,8,11.5,26,1,0,1,4,54,1015.55,3,26.75,62,2.15,38.85,1.05,33.25,53.55,0.011,0.012,0.0225,0.1,18.35,8.05
"281",17852,19.2,29.6,0,8,8.8,37,1,2.8,2,4,57,1013.95,4.5,26.2,58,1.85,58.1,1,31.9,58.3,0.0045,0.007,0.011,0.1,14.05,7.6
"282",17853,18,26.2,2.8,7.2,7,37,2,0.2,1,3,60.5,1018.15,6.5,23.9,141,3.1,21.65,1.35,28.2,65.5,0.0065,0.0065,0.013,0.1,12.15,5.15
"283",17854,18.2,27,0.2,8,11.6,28,1,0,1,2,46.5,1018.1,2.5,24.25,130,2.3,33.2,1.1,30.55,48.05,0.0165,0.015,0.0315,0.1,26.1,5.65
"284",17855,16.8,28.3,0,9,11.9,28,1,0,1,10.5,46.5,1014.55,3.5,25.95,179,1.85,46,1,31.4,47.3,0.0115,0.013,0.0245,0.15,20.1,6.3
"285",17856,19.4,31.7,0,9.4,9.5,33,1,2.8,2,5,52.5,1007.7,4,28,27,2.15,95.75,1.05,34.1,53.35,0.012,0.014,0.025,0.1,23.45,7.85
"286",17857,23.2,31.1,2.8,8.6,6.1,48,2,6.2,2,11.5,56,1004.35,7,28.2,303.5,2.05,45.15,1.2,34.45,54.65,0.017,0.019,0.036,0.15,28.7,9.95
"287",17858,19.1,30.2,6.2,10,12.2,52,2,0,1,14,18,1006.1,2,26.6,269.5,4.05,31.55,1.85,32.5,19.45,0.02,0.014,0.033,0.3,21.6875,10.5125
"288",17859,16.5,30.6,0,16.8,13.2,56,1,0,1,14,17.5,1005.25,0,27.2,268,4.25,27.25,1.9,32.75,19.15,0.012,0.009,0.021,0.3,18.06875,6.1
"289",17860,19.9,33.5,0,16,10.9,37,1,0.2,1,6.5,23.5,1001.8,6,29.85,172,1.95,61.7,1.45,34.45,27.25,0.006,0.0125,0.0185,0.2,14.6,1.35
"290",17861,18.2,34.8,0.2,8,13.1,39,1,0,1,7.5,32.5,1002.05,0.5,29.3,166.5,2.1,46.7,1.4,35.65,34.35,0.0135,0.015,0.028,0.15,24.65,8.3
"291",17862,18.1,29.9,0,10,3.4,26,1,0.6,1,4,63,1007.45,7,25.2,44,2.15,34.75,1.05,30.75,65.1,0.01,0.0145,0.024,0.05,31.35,11.75
"292",17863,22.7,37.9,0.6,5.4,11.2,63,1,0,1,10.5,42,998.35,3,32.7,305.5,3.8,33.2,1.8,38.35,42.05,0.014,0.0155,0.0295,0.15,32.6,11.35
"293",17864,21.1,34.5,0,16.4,13.1,35,1,0,1,14.5,29.5,1004.15,3,30.5,154,1.95,73.15,1.75,34.75,37.85,0.015,0.0185,0.0335,0.2,26.1,7.2
"294",17865,19.4,29.8,0,8.6,12.7,31,1,0,1,3,53.5,1009.8,3.5,27.35,39,2.25,95.95,1.05,32.65,56.4,0.0075,0.0115,0.019,0.1,34.55,10.45
"295",17866,21.6,33.3,0,7,12.5,28,1,0,1,3,52.5,1010.2,1,29.85,207,2,45.05,1,35.55,53.15,0.003,0.01,0.0125,0.1,28.75,11.825
"296",17867,22.5,34.7,0,8.4,11.3,28,1,0,1,6,57.5,1005.05,5,30.55,208,2.25,31.75,1.05,36.05,58.8,0.0025,0.009,0.0115,0.15,26.8125,10.35625
"297",17868,23.6,30.5,0,10.2,11.1,30,1,0,1,2,55,1008.6,3,28.45,82.5,2.7,30.4,1.4,33.9,55.95,0.00325,0.00775,0.0105,0,24.878125,10.3328125
"298",17869,19.9,30.3,0,6.8,1.2,24,1,0.6,1,6,56,1012.2,7.5,26.55,119,1.1,52.45,0.75,31.9,58.85,0.008,0.016,0.0235,0.05,23.91015625,10.248046875
"299",17870,20.6,27.9,0.6,5.4,5.6,44,1,0,1,3,59.5,1017.2,6,24.9,142,3.4,24.9,1.55,30.55,60.1,0.0155,0.0145,0.0295,0,24.2,8.8
"300",17871,18.8,27.5,0,6.2,10,43,1,0,1,6.5,52.5,1019.75,2.5,24.85,141.5,4.5,21.05,1.8,29.9,56.2,0.017,0.011,0.0275,0,19.75,6.35
"301",17872,18.6,25.7,0,11.2,2,46,1,0,1,3,54.5,1020.65,8,24.1,137,3.4,24.15,1.45,29,57.95,0.0195,0.012,0.0315,0.05,21.4,7.15
"302",17873,19.9,27.4,0,7.8,1.1,31,1,0,1,1,60,1020.05,7,23.8,120.5,2.6,29.05,1.2,29.45,59.9,0.007,0.0085,0.0155,0,25.05,6.5
"303",17874,19.8,29.1,0,5.6,7.4,31,1,0,1,1,54,1017.35,7,26.6,104.5,2.4,32.45,1.2,32.4,54.05,0.0035,0.0035,0.007,0,20.05,7
"304",17875,19.4,29.9,0,7.2,9.6,28,1,0,1,3.5,48.5,1014.95,3,28.35,73,2.75,31.3,1.2,33.25,53.3,0.0055,0.008,0.0135,0,25.65,9.35
"305",17876,19.6,30.3,0,8.2,8.2,28,1,0,1,5,53.5,1015.25,4.5,27.5,58,1.8,59,1,33.35,53.25,0.011,0.0105,0.021,0,25.45,9.25
"306",17877,19.1,29.4,0,8,12,31,1,0,1,5,49.5,1012.8,2.5,27.45,65.5,2.5,32.75,1.3,32.95,51.2,0.008,0.007,0.015,0,19.55,8.5
"307",17878,21.7,30.2,0,8,8,33,1,0,1,6,55.5,1007.4,7,27.1,27,2.4,34.3,1.2,32.9,56.45,0.011,0.0105,0.0215,0.05,21.85,7.9
"308",17879,23.5,31.3,0,8.6,5.4,35,1,3,2,6.5,70.5,1004.45,5.5,27.1,202.5,2.7,32.1,1.25,32.65,70.65,0.014,0.012,0.0255,0.05,16.9,6.2
"309",17880,22.4,31,3,7,7.9,35,2,9,2,6.5,66.5,1008.35,5.5,28,45.5,2.6,34.4,1.35,34.25,63.95,0.0045,0.0065,0.011,0,11.1,4
"310",17881,23.5,25.9,9,6.8,0,31,2,32.6,2,3.5,81.5,1009.65,8,25,65.5,2.4,25.95,1.2,29.6,85.05,0.004,0.0065,0.01,0,13.95,5.5
"311",17882,20.9,28.8,32.6,1.6,5.9,30,2,2.8,2,2,72,1010.15,7.5,26.2,80,2.3,30.95,1.2,30.85,76.25,0.0065,0.008,0.0135,0,14.7,6
"312",17883,21.8,29.8,2.8,5,9.9,26,2,0,1,1,75,1011.85,5,26.15,111,1.85,35.95,1,32.45,71.45,0.0105,0.0085,0.0185,0,11.8,4.75
"313",17884,21.9,30.9,0,3.2,10.5,28,1,0,1,3,61.5,1012.8,2.5,28.35,44.5,2.05,93.4,0.95,34.05,63.95,0.0105,0.01,0.0205,0.1,14.15,6.15
"314",17885,23.8,32.5,0,7.2,12.1,24,1,0,1,7,59,1009,1,30.25,202,2.2,37.6,1,36.2,58.2,0.0075,0.0095,0.0165,0,23.7,7.95
"315",17886,23.7,34.9,0,9.4,10.7,46,1,3,2,6,59,1004.2,1.5,32,33,2.45,96.05,1.25,38.4,58.45,0.009,0.0125,0.021,0,25.55,12.9
"316",17887,23.2,35.7,3,8.6,6.5,50,2,0,1,4.5,60.5,1004.65,7.5,30.7,164.5,0.95,116.35,0.6,36.7,60.85,0.006,0.013,0.019,0,19.4,8.75
"317",17888,19.9,28.6,0,11.4,13,37,1,0,1,6.5,47,1015.35,2.5,26.15,138.5,3.85,25.4,1.7,31.5,48.65,0.0045,0.0055,0.01,0,18.9,5.2
"318",17889,18.9,27.9,0,11.2,11.5,44,1,0.2,1,2,50,1018.8,3.5,26.4,128.5,2.7,30.8,1.35,32.05,49.2,0.0115,0.0075,0.019,0,16.25,6.3
"319",17890,17.4,28.3,0.2,10.6,11.4,33,1,0,1,2.5,47.5,1018.2,4.5,26.15,99,1.9,44.5,1.15,31.95,49.2,0.002,0.003,0.005,0,15.1,6.2
"320",17891,17.2,28.7,0,8.8,12.5,26,1,0,1,2.5,46.5,1017.1,3.5,26.2,92,2.3,36.6,1.15,32.55,46.45,0.002,0.003,0.005,0,14.6,6.8
"321",17892,18.5,29.5,0,8.8,12.8,30,1,0,1,5.5,48,1015.6,2.5,27.3,70,1.65,50.1,1.1,33.45,46.8,0.0045,0.005,0.0095,0,13.25,4.35
"322",17893,19.2,29.7,0,10.2,13,30,1,0,1,2,50,1016.35,2.5,27.35,84.5,2.45,32.1,1.2,32.95,53.6,0.0035,0.004,0.007,0,18.75,6.9
"323",17894,19.4,30.5,0,11.4,12.1,31,1,0,1,2,45.5,1017.35,1.5,28.35,79,2.9,29.1,1.35,34.15,48.25,0.0015,0.0025,0.004,0,21.1,9.45
"324",17895,22.6,30.6,0,9.4,12.3,30,1,0,1,3.5,51.5,1017.85,2,29.1,73.5,2.9,27.85,1.25,34.45,53.05,0.0015,0.0035,0.005,0,26.8,10.4
"325",17896,20.5,31.4,0,9.8,12.3,26,1,0,1,3.5,45.5,1015.4,2,28.9,69,2.7,31.55,1.3,34.3,50.8,0.0025,0.0045,0.007,0,19.35,7.75
